"","x"
"A100JCBNALJFAW",3
"A106016KSI0YQ",1
"A109LWN9DUGPDP",3
"A10C5CJK1YKGV0",3
"A10DB0H2NZF11E",2
"A10E3F50DIUJEE",3
"A10HMPPHWI3V0A",3
"A10L8O1ZMUIMR2",1
"A10ODC971MDHV8",2
"A10X0JN8KTK89H",3
"A1129LM24YWSZV",2
"A11C43I615R52G",3
"A11ED8O95W2103",1
"A11KRMIA0ES88I",1
"A11PTCZ2FM2547",2
"A11XKY4EIU2KNR",3
"A120GIT50UISJP",1
"A126KX6FVI4T66",2
"A129YBX5BVNW2",3
"A12A8LU93A132U",1
"A12IDQSS4OW33B",3
"A12IRGQLFE4EBA",3
"A12X2J7AVZ04IQ",2
"A132ETQPMHQ585",1
"A138826JMC0J3T",1
"A139ZF7CJVVTJU",3
"A13D1WTFEMS9VH",1
"A13DQTXG02HZC1",2
"A13E0ARAXI6KJW",2
"A13F2IV3ME23R",2
"A13H2JJ3GEMJN1",1
"A13H7Q4JVK6DTV",1
"A13IKSGDYNBNQS",2
"A13KXWTN0DT878",1
"A13OMT8D4GPIBV",2
"A13RM1AWD1C5ZR",1
"A13TO1ZFAH9SVN",3
"A140XH16IKR4B0",2
"A141HP4LYPWMSR",2
"A1435P5AMCPB3X",2
"A146D2LYLICNLS",3
"A146H6A41B26QT",3
"A14Q6R4481YFFG",3
"A14Z0Q1DU6CBJJ",2
"A152C8GYY25HAH",2
"A1534MBU6VJXYN",2
"A153NZD2WZN5S3",3
"A155KXFRZCA7C",1
"A155X6KYOPQEZ5",1
"A157XTSMJH9XA4",1
"A15G70V9OBTOVO",3
"A15MLF38WROSWU",1
"A15Q7ABIU9O9YZ",2
"A15Q9YEG1XPEJN",1
"A15TNUM2PBS6F0",1
"A15U64VGUV6RBF",3
"A15YPJLKLZS0MK",1
"A161ANWB62G3M8",2
"A1655SGPPUUCRP",3
"A168VXSISJWQN9",1
"A169I83JL8QJGN",1
"A16CZRQL23NOIW",2
"A16FUU8WW76QFY",3
"A16GAIJJE39T1S",3
"A16IXZW2A0NFR6",1
"A16KRCLLTHSB5F",1
"A16Q1LYIDE2WDZ",1
"A16QJ649N8PRV",3
"A16QODENBJVUI1",2
"A16X61RLY1YJL7",2
"A16XRPF40679KG",2
"A16YCLRKOU0EV3",1
"A175GIISFGGO31",3
"A17BT73RVRQYSP",3
"A17D77DFID0GZG",1
"A17FLA8HQOFVIG",2
"A17JVVAKWEB0M",3
"A17LEYMZI8OYOQ",3
"A17N23WXA7EAF",1
"A17NFLRFTMYXF5",3
"A17NVM7IAPF2NS",1
"A17O7AGDZPOJSS",1
"A1845IJB63D5H7",3
"A185QFJRTB5W93",3
"A18758S1PUYIDT",2
"A18BD98SU49UB7",3
"A18CMGIQZ1OAA2",1
"A18CRS4FLVH5YW",3
"A18G7GG53G2X8A",2
"A18GP1PWVTKXQQ",1
"A18HHKM6WGEF9D",1
"A18IK6YI6T3RK2",2
"A18M68DE1Y6W51",3
"A18MBO1U4DPY20",2
"A18OUQEK7IZ2F2",1
"A18RQ2URRGIIEA",2
"A18SDN3HYFVH2L",1
"A192KEPM0HW6AC",1
"A19JYLHD94K94D",1
"A19OQ7LWE2YJL3",3
"A19V0VJMKKRMC8",2
"A19VMQDCB4HZ9P",2
"A19ZXK9HHVRV1X",2
"A1A535W556ROBQ",3
"A1A69DJ2KPU4CH",3
"A1A87TUBBDPMF0",1
"A1ADG449ZNEO6Y",3
"A1AFXJ8U72MD6L",2
"A1AISPOIIHTHXX",2
"A1ALOIPRR8Q06J",3
"A1AMVA4R3G58TV",3
"A1AUOVXPT5MYX4",1
"A1AXHNRDJEQ0B",1
"A1AYN3IIUNQCIA",2
"A1B05INWIDZ74O",3
"A1B350OHYHQTGX",1
"A1B8HI3VREI1H3",1
"A1BA72K4VK1UN1",1
"A1BE1OKY80FUBH",1
"A1BJJVV2B5VLUQ",1
"A1BJOEQSRX2IBM",3
"A1C0PHJN6AUZT6",3
"A1C2P5HX5RLPAX",3
"A1C58YXM2A30CY",2
"A1C7BWPATO40VA",1
"A1C80B497LCYKA",3
"A1C9GCHR99WX3F",3
"A1CDNTB7377YH2",2
"A1CDZNPO7U4E6N",3
"A1CIW2OEVAJRM2",1
"A1CLHLW9PFKG9Q",3
"A1COG8T9MPP3KA",1
"A1COQ2DOO1O9HD",1
"A1COW0UIB5HA9J",2
"A1CQON0P01BITL",3
"A1CYOHNGQ1WED1",3
"A1CYRTQ04LYI55",1
"A1CZICCYP2M5PX",3
"A1D2C0WDCSHUWZ",2
"A1D2ZN57YG2NMH",2
"A1D3XQC2DIT",3
"A1DAOL3NMHEPLS",3
"A1DK5AZMXS1QA3",2
"A1DRKVXO300RUE",3
"A1DTCJV6KOMJOA",1
"A1DZKOOMMJM1MI",2
"A1E0RPGCXS4L2G",1
"A1E11HKN4IRY09",1
"A1E15WYG9C47X1",1
"A1E85KPLPYVW8E",1
"A1EARN5PUVIF1S",3
"A1EBJ93E1T50RT",1
"A1EFS5PV3HOFDI",3
"A1EGDRTJYF3AZK",1
"A1EHTFVSD0H7I6",3
"A1EI65WJC85U68",1
"A1EKA9XSI641C9",1
"A1EMDSTJDUE6B0",2
"A1EOLRV216BXJ9",3
"A1ER5AYS3FQ9O3",3
"A1ER6IYOMM8VCT",2
"A1EZMV5DSWU8TU",1
"A1F1FOR46702YF",3
"A1F2EYORWOZ3G1",1
"A1FCWRSICTO2AH",3
"A1FDW1SPYKB354",1
"A1FFPPPIOSI36M",1
"A1FG91CM8221X1",2
"A1FMJJKSVQDDQ",2
"A1FNES0QEBJZD1",3
"A1FS9R0JXHLHEG",1
"A1FZA9C5MVIWHE",1
"A1G0VFQ9198IUF",3
"A1G5LJ8T1IGYC5",3
"A1G5Q9HBN0EGDV",1
"A1G69BQLIUMWPN",3
"A1G9FX1KV45N41",3
"A1GB0HW46Y2EB",1
"A1GB1Q193DNFGR",1
"A1GD1G8XXPRYQ8",3
"A1GGOC9PVDXW7Z",2
"A1GHUN5HXMHZ89",2
"A1GN8UJIZLCA59",2
"A1GPGBHBI6T2HJ",1
"A1GSR7RGCG1QYZ",3
"A1H4NFXAJQRQ2K",1
"A1HG2DOSBZEX4I",3
"A1HMBIRR0RJ1NI",3
"A1HO9J4DCQDGP9",3
"A1HS9F7J51E9CB",1
"A1HX00DL0SZM1G",3
"A1I7GHG2XNYO3J",1
"A1I7QGUDP043DG",2
"A1I9B4PSCDDWOO",3
"A1IANEBSMVGHS9",2
"A1IKOYZVFHO1XP",1
"A1IO3LVYV5ZMK8",1
"A1IOJE0W1NXOSE",2
"A1IUI3CJUMB7J0",3
"A1IWWRZJOXOSYP",2
"A1J03J0HZ7KU5T",3
"A1J2931UBBJPXM",2
"A1J66TA573ZPRX",3
"A1JH5J1KQAUBMP",2
"A1JJOV69MAU2J2",1
"A1JKFUUCZRA3Z4",3
"A1JV4QKTEB7QBL",1
"A1JVSIWDF0WT22",3
"A1K0UT3GA4QQG5",1
"A1K31NF81TS0CO",3
"A1K3NQAO49LXL2",3
"A1K94LXX833JTT",1
"A1KALHQD4LWAKO",3
"A1KAR9G699RM56",3
"A1KD8NJPZ01R37",1
"A1KDGSZEJXSE9S",1
"A1KFBAPAKMEQUF",3
"A1KIQ4P4ZW3ALF",1
"A1KMG1AIUS00DC",3
"A1KP0IVWU0RQ0A",3
"A1KT1GWCW8F80",1
"A1KZQ5DIX0YUE1",1
"A1L43KWWR05PCS",2
"A1L8HRCM60W0W7",2
"A1L9MIIBI7409N",1
"A1LBAC84TLIGAX",3
"A1LEV4H5ZQ55J2",1
"A1LP6O85Z894GT",1
"A1LSDDSM4PGOU5",3
"A1LVZOK9F7K4CN",2
"A1LZVU5SRRM3VX",3
"A1M4NJYP0WNL8Q",3
"A1M9DQDGE07Q0U",3
"A1MJMYLRTZ76ZX",2
"A1MX6D3JK6IKDW",1
"A1N0LCPR7O7OLL",1
"A1N49TOJZFG48H",1
"A1N7YA81ZI4KAF",1
"A1N8K1X0OLLADY",1
"A1NI0VOVXZBM7Y",2
"A1NLZVP501JM5Z",3
"A1NSMQIF1C2VCE",3
"A1NSUJJCG73IRF",2
"A1NV8HZTGKIPXQ",2
"A1NVW4NUXPOSJB",1
"A1O60Q7LBN4MQ",3
"A1OBJ2263JCK5",3
"A1OBPHRXHZF8P6",3
"A1OGPR0AKZ4K7D",1
"A1OS2HX2CWQIC7",1
"A1OYW08VVPMP3Q",3
"A1P2NBM3P3TS2X",2
"A1P6NRWDD1NT4B",1
"A1P98DMX8YUSNW",3
"A1PASRZ81DY9C",2
"A1PCQHQ6NPGL9F",3
"A1PL8JA0TEHBVN",3
"A1POFVVXUZR3IQ",2
"A1PQNUIMLIOJ7R",1
"A1PW6G3EFXCLFJ",3
"A1Q15TP2FXYYMF",3
"A1QFQ9SQZVGUK4",1
"A1QQPIUXWD4G0Z",2
"A1R2ONSLAI3M2X",3
"A1R2URG8OHNEDS",3
"A1R602SXNGOMJ4",2
"A1R8AO9XASQ15C",1
"A1R8LZYZR3377O",1
"A1R9GZ8FC44MF5",2
"A1RECBDKHVOJMW",3
"A1RJXK6KF3LL5R",1
"A1RP6YCOS5VJ5I",2
"A1RSXP7MB772E3",2
"A1S3C5OFU508P3",1
"A1S8AJIUIO6M9K",3
"A1SCD2NYTIAQTY",3
"A1SPB225CVTRUU",3
"A1ST1XBL6EQTBV",3
"A1SVXJZ3386U2D",2
"A1T17LMQABMBN5",3
"A1T3O2LILVK0C4",2
"A1TEMNM9ZEOLJ6",3
"A1TJIJKKN15KR9",3
"A1TJPMB7N776WS",2
"A1TK6R2JSC97HL",3
"A1TKM36EYEQNSM",3
"A1TMAVN4CEM8U8",2
"A1TOH8S8I1VT9R",3
"A1TPW86OHXTXFC",2
"A1TUVJBY0X4M5O",1
"A1TW9ZGRDQQZ2Y",2
"A1TWTULVD6F22O",2
"A1U360OMVQRPUB",2
"A1U6B2LDK3BUVU",1
"A1UFV4HALV2OXW",2
"A1UNJ46NSB352E",1
"A1UOTG037037XY",3
"A1URXSRV6WDHVY",1
"A1V3IO23FZFF9L",3
"A1V3PCKVCJ3TTZ",1
"A1V3TRGWOMA8LC",1
"A1VABWDOUQLULZ",2
"A1VCLTAGM5RLND",2
"A1VCPMT1RRS7K0",3
"A1VJ7HYM1EC94M",3
"A1VQBHHXIKHIGS",3
"A1VTV7GXWSGJ3E",1
"A1VZLLDNLURGJB",2
"A1W702WG1LC6R3",2
"A1WUMTJOASEL5F",3
"A1X054KUYG5V",2
"A1X15AQVSCKKRG",1
"A1X1CEGHTHMBL1",2
"A1X7FS1H4R02W1",1
"A1XJOSJN6FHFO0",3
"A1XN6MBYDBTX16",1
"A1XT8AJB7S9JJG",1
"A1XX5797TIZT5Q",1
"A1Y0HX12MCT6OR",1
"A1Y87E22UVYCE6",2
"A1YB29BIDULEYE",1
"A1YC9XEDFKXPLK",1
"A1YHKSTVSYEYTU",1
"A1YQ6QB2127AJ4",2
"A1YVDY3TISDRE1",1
"A1Z1NQJUJQ5CRO",1
"A1Z2ZN39LL07GI",2
"A1ZH9LWMX5UCFJ",3
"A1ZO30Z16MQ7Y7",1
"A1ZOF747O5EB6R",2
"A1ZS82R4RC0I2N",1
"A1ZTE3K3EN4TS3",1
"A1ZTSOBAPOWT3",2
"A20568D9GRC08W",1
"A20DZX38KRBIT8",2
"A20EEWWSFMZ1PN",2
"A20IIR0422G3A5",3
"A20JYIHL1W1U54",3
"A20LY8E9NGYA4M",2
"A20TJ5P97W5MS1",3
"A20ZFWGBY4REFX",2
"A2198FZZMTJ38H",2
"A2198O25QYUPXE",3
"A21B2TJBWCSK1R",2
"A21VGNU5959O85",3
"A21XVS00AIENLX",3
"A220FJEQNGMSRN",2
"A228JH8V9Y700G",3
"A22AD8M2SSOFHJ",1
"A22BPC7LRSGSYQ",3
"A22J9WI2PDAVJ",3
"A22RY8N8CNDF3A",2
"A22TZUXUKA11SQ",3
"A22VNXHU6IZ5MT",2
"A238M34Z3X2IBD",1
"A239PPUVV8O0U0",1
"A23GFTVIETX7DS",3
"A23L2BR07AOBG1",1
"A23QOAXJSWIBS6",1
"A23XVF23C7BHP0",1
"A243HY69GIAHFI",1
"A244CRJ2QSVLZ4",1
"A24F1UX8ZT5IXY",1
"A24IJY3V0804WJ",3
"A24KZBAAUTC83R",2
"A24ZFFRQ4MG3XL",3
"A2582KMXLK2P06",2
"A258MSMKY2710V",3
"A259F4J3QOBIUH",3
"A25ACLV5KPB4W",1
"A25AXWGBGJ5KBS",3
"A25CMSI6S7S63C",1
"A25HYPL2XKQPZB",3
"A25KKXUQQ0OLWB",3
"A25PM9JGHPU8EI",3
"A25QJBK33C4O0R",3
"A25UZ7MA72SMKM",3
"A25ZVI6RH1KA5L",3
"A267IXCC7UK1HY",1
"A268EEWUXYCA8Q",2
"A26A64X86VL1R4",1
"A26BWRBPP4V2WF",3
"A26HFSVLAGULIM",2
"A26IVJJTXOE85B",1
"A26JGAM6GZMM4V",2
"A26O0T192IBKY1",1
"A26R4PDCZX5SOK",3
"A27CFNHYZG6WS8",1
"A27CHILBK6HIL2",2
"A27FR2C67JPDRS",2
"A27H9DOUGY9FOS",3
"A27NTH2Y9DAR31",1
"A27P0MW8TE1JQP",3
"A27PSZX2SE0B51",3
"A27QZDO1FRRFCV",1
"A27RJ30RN5K9MX",2
"A27W5AJNP6YX7Z",1
"A2809U2S14N0K1",3
"A281NPSIMI1C2R",1
"A284WUQS94AQ7A",1
"A28B7IJR80M8KE",3
"A28GCEHD00JFZG",3
"A28ILXH590CMRJ",1
"A28MM46KI4EQB2",1
"A28OB1QLXN5BM6",3
"A28WJUJF6D2ULA",2
"A293HA28PN3VO4",3
"A294DWRBQUOIK4",1
"A29COAL60SB48B",1
"A29E6IO3DZG6IY",1
"A29IPLCBZ3LIGX",1
"A29IYGR7SNPRIV",1
"A29QA79VLQGHY6",3
"A29R3O02O0PON4",1
"A29R4FCO6RFX4K",2
"A29SJTG21BVWF4",3
"A29TKSIWA3JKF3",1
"A29Y34ALWJUGB5",3
"A2A6NH6DPE0VXR",2
"A2AK7ZFKW08HID",3
"A2AOZQ3WTNVVOK",2
"A2ARRAMXWT83PT",2
"A2ASEBCEN9ZWTZ",1
"A2ASIT0JYIGHTA",3
"A2ATWKOFJXRRR1",2
"A2AVV9LV9UXT6F",1
"A2B3Z2QHW3V35S",2
"A2B73CL3QSYWLB",2
"A2B7BUH8834Y6M",2
"A2B8DJ0CKN9FAO",1
"A2B8GXSCB1R05T",1
"A2BEU7GPGNIG44",3
"A2BFIYZYNK54QX",1
"A2BLITJITO97N5",1
"A2BPDFR58H9575",2
"A2BQBLCKJHP65G",1
"A2BSZPRBKYAB2K",1
"A2BT7IC8PT1ZC9",2
"A2BZ7MYTSNYMEW",1
"A2BZWG2LTJZGBQ",3
"A2C21DQ4FQARGV",1
"A2C27IQUH9N1Z",3
"A2C5LA07JCDWTN",3
"A2C5VLIJMDPWHI",3
"A2C7BOQVFH1HLE",2
"A2CK0VXUDVXGMN",3
"A2CT2SA6KFE8GC",1
"A2CU4L3OK00M23",1
"A2CW9IQAPFEYLM",3
"A2CZPM110DW516",1
"A2D0PJFW2VY8G",3
"A2D7NX9ZYBJZ13",3
"A2D8CUJPOSRPNA",2
"A2D9IEFJGB483Q",1
"A2DAHERP7HYJGO",2
"A2DSXA1E02C86D",2
"A2E0EZ8DO5YSU3",1
"A2E3F04ZK7FG66",3
"A2E3IB2ZHJ7QXJ",3
"A2E9TRM8096BXU",1
"A2EAI4948TW53X",1
"A2EBLL2OYEQJN9",3
"A2EDZH51XHFA9B",2
"A2EENLV6OQ3DYM",1
"A2EEUQ81DTY7G3",2
"A2EGK0YRDF4ZZB",1
"A2EIK4L9730WWJ",3
"A2EUG9W2IAVCT",3
"A2F3M93RRLFQNJ",1
"A2F3SXHT6RBV81",1
"A2F7CCPK4QL359",1
"A2F8R40Z2OMIJM",1
"A2FBIF1FKBC193",3
"A2FEGRJQNU51P9",2
"A2FEJIORC1MBG3",3
"A2FFYQZPUGOX58",3
"A2FPDWTD9AENVK",3
"A2FRKEXDXDN1KI",2
"A2FS38D943KX12",1
"A2FTHCGH06O4Y5",3
"A2FWEZ0QS8N7A7",1
"A2G6GO4O7EVCPF",1
"A2G8D1VN3MVB6F",1
"A2G8IR6ENZSQHF",1
"A2GA2SO3YK6CXI",3
"A2GANR9I6XHTU9",1
"A2GB5CG77LGQRB",1
"A2GBJQ9THOYDAJ",2
"A2GCHG6U8HTVIT",2
"A2GMUNBN9HKRZS",1
"A2GPEV42IO41CI",2
"A2GPN2VKS8E77C",2
"A2GYX971VETQBV",3
"A2H1WNB30JNAWU",1
"A2H22I2RWE0HOV",3
"A2H44WVZS59KKT",3
"A2HII4U9WQ0XUV",2
"A2HJB9J5O5CLPB",3
"A2HJZ2KN9YA9L2",1
"A2HVL790PBWYTU",2
"A2HW33PQSRHLNO",3
"A2HWD9PTM7RBXN",1
"A2I6MHMAZZDCRX",2
"A2I7ZAB04Q0DML",1
"A2ICW5OUWX2A2V",1
"A2II09GQGWOMTQ",2
"A2INL3AYAT6325",2
"A2IY9M330NKBW6",1
"A2IZIYYCEGOMEU",2
"A2J57EQ9KPGXR9",3
"A2JDYUSI2RILEB",1
"A2JHHYYOOO4DS6",3
"A2JP0URFHXP6DO",1
"A2JTD6D79HNA5X",3
"A2JXAQ92WYPAAR",3
"A2JYIDH7JIG48H",3
"A2K3L0DOPQQ697",3
"A2KB14WCZ1DVE3",3
"A2KG8WLR1AKO12",3
"A2KW2KWKABNYNO",3
"A2KWQ64TRHB3YH",3
"A2L7WYA5OENV03",1
"A2LAA9SCENXLKN",1
"A2LBG01YBSUP96",1
"A2LGRPM88JDWP6",1
"A2LR4NR0G8KO7C",1
"A2LSRBVD2MK3PL",1
"A2LW5AL0KQ9P1M",1
"A2LXG7XUQNZO6E",3
"A2M1N8G4W4END8",1
"A2M597GCCE1N2S",3
"A2M5FI4CB6VUXF",3
"A2MFNDNS1L7D16",2
"A2MG8DHACXH5MS",2
"A2MNMZMM6BGLTA",2
"A2MQQI4UYT9C11",3
"A2MS6UV7ZGTMLR",1
"A2MUD2VY9HWFXQ",3
"A2MYUI8IT6UBUU",2
"A2N69DJM8NVYZ6",3
"A2NBOL825B93OM",3
"A2NJO6YE954DBH",2
"A2NOZB6VZCTOI4",1
"A2NUHWMHA9XNKV",2
"A2NX5UZ6WEZF0R",1
"A2NX99GVAX4TRP",1
"A2NYQCLFQRTI74",1
"A2NZAGMAS7N5ZP",3
"A2O97GKCSISM3F",1
"A2OCJNB6B46OKP",2
"A2ODBHT4URXVXQ",3
"A2OFSDJB3MVQ16",2
"A2OLJM7IREKPWZ",2
"A2OU415LB9I5J6",3
"A2OXDJP1Z3LNOK",3
"A2P2JXU9JEYNV3",1
"A2P49WD75WHAG5",3
"A2PBV1899CX3TE",2
"A2PIX2K56IZZYX",1
"A2PMQH87R1H3QU",3
"A2PN7Z2VTHICL8",2
"A2PNTEDGMOLMOY",2
"A2PR6NXG0PA3KY",3
"A2PV6GK1HV54Y9",2
"A2PXHFGJZBNLXB",1
"A2Q13PHEXGR48Q",3
"A2Q457CES5ZUZ",1
"A2Q5Y2EMS6KDWI",1
"A2Q7YBUV8IPTLW",1
"A2QH5NMHW1KTJ1",1
"A2QHM5HBSIXRL4",2
"A2QQHIY23PL7H3",1
"A2R1HAXRNU0QX7",2
"A2R4XG0L7Z01V8",2
"A2R6RA8FRBS608",2
"A2RDR5G65D9H84",2
"A2RFG9LI7JDILS",3
"A2RH7ARWQSUVQV",3
"A2RHQMV5GD18Z8",2
"A2RHV42BTJSVON",1
"A2RKI7RPP5CJMG",2
"A2RW7HXNEJ0QTQ",1
"A2S166WSCFIFP5",3
"A2SGR7LE899LGG",3
"A2SLA0SXRQV8M0",1
"A2SNUORW55MZWO",1
"A2SRZQU1SZG4RR",1
"A2T049UQONS0OY",3
"A2T2MYZEB81NOQ",3
"A2T7TZBOTP68C7",2
"A2TAPL67U2A5HM",2
"A2TAPSNKK9AFSQ",3
"A2TDK8D4HEMUYW",1
"A2TLLX0ZBMZTK7",1
"A2TV6SBCWT7P8S",1
"A2TWIZ33KJCQ54",3
"A2TXR85WQLE32N",2
"A2TZKXU6Q0EDNP",3
"A2U0DKQPZSD50Y",1
"A2U80IPZXN5V1U",1
"A2UKC6QFG9L5GV",2
"A2UL0A8GJB4318",3
"A2ULSA0IRUE09E",3
"A2UN5UY8Q6YMOF",3
"A2UNMXBJSVIXFB",3
"A2UQIIJ2CD8REE",3
"A2UUP58XPQW3GF",3
"A2UW83R0JOZZ6",3
"A2UX5ABICURKL5",3
"A2UYAFQ40U2PHS",3
"A2UZLIH3BSGJ3N",3
"A2V3P1XE33NYC3",3
"A2VD2D1QHCMF9Q",3
"A2VD3CYOEMJ6SR",1
"A2VE83MZF98ITY",1
"A2VJ80PM1G00QV",3
"A2VMT89TCSF105",1
"A2VP7JOT3K7PFM",3
"A2VUP5US1F5HG5",1
"A2W00XKTTF1G0Z",2
"A2W2ODLRQ2L8LE",3
"A2W3HLHIA9UP4D",1
"A2WB4OWBUH2VQX",1
"A2WE94927YC3KI",3
"A2WP0GOTX13MG4",1
"A2WSI8HOWHFDOT",3
"A2WX1UESDOLXRE",3
"A2WZ1B92F81LJJ",3
"A2X27FQSHP418Y",1
"A2X6GEC6LCDN4S",3
"A2XGJ56VCFOKKZ",1
"A2XMBWQL0LGNJD",1
"A2XQ48481DIO80",1
"A2XRMQA6PJ5ZJ8",3
"A2XRZV63X79YSJ",3
"A2XVRCU5DQBULH",1
"A2XXV9HF169LCF",3
"A2YAABMT80RLYA",1
"A2YCG57S65QXUU",1
"A2YM3KILJ1G0YJ",2
"A2YXMN40D7WTGP",1
"A2Z0A3DOG0EVTY",1
"A2Z28WKY1LHBKY",1
"A2Z379ES750ZRY",1
"A2Z44AN3F2IN61",3
"A2Z5WEA0KOMN9G",1
"A2Z7TU96G2WB9B",3
"A2Z9FXHC1L66EW",1
"A2Z9XBCYT3AHHU",1
"A2ZB8B7VQONZA6",3
"A2ZE73RFY0GD3K",1
"A2ZGVH5DNCK8I4",2
"A2ZHH7AK83JB5G",3
"A2ZHSORK1HHYTT",1
"A2ZLROGIL2V7GV",2
"A2ZSC81MXLBELX",2
"A2ZVERVFM25MJT",3
"A3081Z4P774YR4",1
"A30A5I8FG82M2E",1
"A30IP5D5DLHRPA",1
"A30LMTLC9XVWKJ",1
"A30TK6U7DNS82R",2
"A319SKSB556033",2
"A319Y83RT0MRVR",3
"A319YRDK8Y39N",1
"A31ARSC1LGY8WK",3
"A31D8QKJXU93BT",1
"A31I3HXMD5H1EL",2
"A31JRSZQ76YA1N",3
"A31RM5QU797HPJ",1
"A31U2QT7SAL7K",2
"A327YZ9EDPHDOQ",2
"A328547P5BGZC",3
"A328S9RN3U5M68",2
"A329U9CDUPKXAC",2
"A32AK8FOAZEPE2",2
"A32B206L2SEXRA",1
"A32DTCFBBB9WIV",1
"A32JKNQ6BABMQ2",2
"A32K4BV5DFG3KP",1
"A32T2H8150OJLU",1
"A32XK1ZCXM66OT",3
"A32XW50ILWOXNO",3
"A331OF34UX4Y1K",1
"A33CLVW2K7SL1P",3
"A33IZJVCKFKDPU",3
"A33L7G4E8CID3",3
"A33PNAQ33DGBJG",2
"A33TBHM3O9AY17",1
"A33XHXRTRZOQ12",1
"A345WVAVMMO6F0",1
"A34D06JL7LC6MU",2
"A34D4KCP94ACJZ",2
"A34GZPHWYPSY2T",3
"A34HYQ9BQZPE78",1
"A34IBXM7E8CPWE",3
"A34K8D262NZQJF",1
"A34KBK8ORA5GRV",1
"A34PAZQ73SL163",2
"A34VV92TSLC37R",3
"A34W7QA4J5UTOR",1
"A34XPZS5DXA6HA",1
"A34ZAYTNP67S83",1
"A355WMP0CQBJFX",2
"A356HRZZFCEGL1",1
"A356RFKNIG043B",2
"A356TJCTCLDN89",1
"A3572FTYUQQW3P",3
"A359IT81FBX64Y",1
"A35AMPDFAB8JLT",1
"A35L2E8M7S59MQ",2
"A35R8PJSEURHHF",1
"A35WVFSULRE1G9",1
"A35XFZN4MWNKK4",1
"A35XMSURGM0L1N",1
"A35YWA2V4QHOJ3",2
"A35ZK3M8L9JUPX",2
"A363QRXP83K8ZE",1
"A36AH31X84FIC8",1
"A36EW68H08UOCS",2
"A36HBE2C5SQ2E6",3
"A36NUDST4Y5JBA",1
"A36QYTMMJ0O2IZ",1
"A36RS7KTNOBROF",3
"A370Z6I5GBWU44",2
"A37B3O457INKEA",1
"A37DLVPKJZGSQF",1
"A37OOQQLMMKYR8",1
"A37PV5GMP2ILJC",3
"A37S3ACL57LN62",3
"A37ZOGOK3GKF2P",3
"A387BD735MI50R",3
"A38921VU3NJDFK",3
"A38DQCCC64K4W",3
"A38I00SO3D9ZSM",3
"A38N7SFDOB3MR3",3
"A38QEATH3NODFM",2
"A38QJ7JUUTVLKX",2
"A38U2M9OAEJAXJ",3
"A38UBVJEV1LLS7",3
"A38UHOCEKSUOSP",2
"A38YUU4J5Q4EJO",3
"A38ZTUNQJVGP6S",1
"A391YPR0NFTCLK",2
"A3956O40ZZYFMY",1
"A39AWL2FKWDFK6",2
"A39C7SEMCJWVOI",1
"A39CX0EE4BZCZC",2
"A39IBJB2PBVC7I",2
"A39IY0JU5JI69G",2
"A39NS429FYXAD1",3
"A39VJRIW7HC5C0",1
"A39W3263A9HCMN",2
"A3A48XEYWLWH7T",3
"A3A4WQL80WOTMH",3
"A3ADUOVTY3TIRU",1
"A3AEYDNYCWH2IZ",3
"A3AKPY4LXIC24O",3
"A3AOKQCH0YBZDS",3
"A3AP6H48QHX8BR",1
"A3APW42N5MRVWT",3
"A3ARJ16772TKHT",1
"A3ATTCCO32ZXET",1
"A3AUECYM0M0YSX",3
"A3AVJCB1ZD6ZY5",2
"A3AY3EV2MFRFGG",1
"A3B87UZLPCF0HW",2
"A3BFJFJRXMWXAX",1
"A3BJDFGSLXFB36",1
"A3BSS2M2DPPV4T",1
"A3C6CZC2JP67VK",2
"A3C6X0DAM87GN4",3
"A3CCYAQRHUTPIQ",1
"A3CFT5LHFCB46K",3
"A3CIH3P8UDB6GR",1
"A3CL82UITQJLWS",3
"A3CN9CCJUNIPKT",2
"A3CWH6VKCTJAD",3
"A3D2VIUT2HWP0Z",2
"A3D6KZT0QG6UKB",1
"A3D6OI36USYOU1",1
"A3D6TFYRMIV3ZL",1
"A3DDPQ9342UNMY",2
"A3DE1IYJGU5HPW",1
"A3DGB4HN3QCGAL",1
"A3DGVB3T5QJNRE",1
"A3DHQ5WO80X1IZ",2
"A3DWUM6SN3N3NR",3
"A3DY46ZABF4CMQ",2
"A3E5OY3YLZMOA9",3
"A3E975KR2HRERX",1
"A3EAU736LWTDCE",3
"A3EBHHCZO6V2A4",3
"A3EE0H0NWQ9QVL",2
"A3EISFBTLEQC69",1
"A3EJYJC25OJVKK",2
"A3ENN25NFADE1X",1
"A3EOVXI1VZIHUQ",3
"A3EOYN87MMNHL1",3
"A3EUSH8DPW75LR",3
"A3EZHMGGWY74HY",1
"A3F2JUHM6C9RZ9",1
"A3F3B6HY9RJI04",1
"A3F9G9G8CJGJPO",1
"A3F9VH8916IA40",3
"A3FBGZ4E6KGIW2",3
"A3FDEI5P21XX6S",3
"A3FEQXNCFC68KC",3
"A3FL6CIO8QIJ2F",2
"A3FUBUJAIGM87T",1
"A3FVAWZNKW9GX",3
"A3FY3H6F4249E0",3
"A3GA09FYFKL4EY",2
"A3GD9BKIUT3I89",3
"A3GKMQFL05Z79K",3
"A3GKOMCQTTWPUI",3
"A3GKPMHV4U64IY",3
"A3GN9I0UYV08LC",1
"A3GQKB1KF0CRPE",3
"A3GRN6J64F2C3X",2
"A3H9JSM1SUTE4O",2
"A3HM5G9IV1FTFP",2
"A3HQXFLZ6WI70Q",2
"A3I49HL6XR62DI",3
"A3I69IXPTDVKQF",2
"A3ICCTSCBT7GS9",1
"A3ICDLUQ3V2QY2",1
"A3ICHEO78NFE4Y",1
"A3IDMLOWLHWNDJ",3
"A3IE0P2JMWW0H7",1
"A3II1ACACC5MTX",1
"A3IKBHODOTYYHM",3
"A3IMNZSYDOTTU6",1
"A3IXPFN5DU9Z9L",1
"A3J5V2GMXMOGCI",1
"A3JLOIXFM75QNV",2
"A3JPFWKS83R49V",3
"A3JXOXKWOIETIY",1
"A3JZ5L52FM318H",1
"A3K5IMGDCDBCNF",1
"A3K8TYU7UOUTR0",1
"A3KB1H0S7T6JX1",2
"A3KEZLJ59C1JVH",2
"A3KF4IP2MUS8QQ",2
"A3KJ6JAZPH382D",2
"A3KKM0T1KY42HA",2
"A3KL7NXOAGKD3U",3
"A3KROYMQ61M7A",1
"A3KUUII2GSHN7T",3
"A3KY68OTSNHM3G",2
"A3L2U581LL17EB",1
"A3LGT6UZL99IW1",1
"A3LH77PBDFEO3F",2
"A3LOBF0ZU1HE0S",1
"A3LPQAPU2ILDD0",3
"A3LU79BYMWZEW9",3
"A3LXKO2S6G2DBI",3
"A3LZBOBV9H1HDV",2
"A3LZGLA88K0LA0",2
"A3M1NNDD95HR0R",3
"A3M2WW0PO34B94",2
"A3M3FG82ZE1J8I",1
"A3M5O6UHXO9IBU",1
"A3M6RVUVZOQZLB",3
"A3MCC5MAJYJYMD",1
"A3MCQSIBV7QW8Q",1
"A3MQ672FYFNM7B",3
"A3MV1KKHX51FYT",3
"A3N0LBOUQAD1BG",1
"A3N3SN2DDD4HCJ",1
"A3N5XIM9R2OQH0",3
"A3N6GAJTEOF4MO",2
"A3N8RZSXKN1OR2",3
"A3NH7PYU4AD5GA",2
"A3NIQK6ZLYEP1L",3
"A3NKFB39AIEN8W",3
"A3NL1KW56O3JR8",3
"A3NLH4A3XP4WA5",1
"A3NM0RAYSL6PA8",2
"A3NQI2JLNPFOF8",1
"A3O2RCKAMSE9X7",3
"A3O536E2YOKK4Y",2
"A3O5T5VAQ3TD17",1
"A3OEECMCM2T4KQ",2
"A3OH101U0CPUC7",1
"A3OI841P5R6FCH",1
"A3OMPSEVL59ZDK",1
"A3OXHLG6DIBRW8",2
"A3P121GNV5QYIN",1
"A3P1508PZ0UADD",3
"A3P7WNM0UHV4YQ",1
"A3P9D22KDEXVMN",3
"A3PCTD8QM1BIXI",2
"A3PPXVR5J6U2JD",2
"A3PQ3K5RKNJYA1",3
"A3Q04XXGGED746",1
"A3Q1EDCBV2KU8D",1
"A3Q1FVRV0CRYTH",2
"A3Q4XAQXKKV6V",1
"A3QH6BEY6RYQR0",3
"A3QJU4FEN8PQSZ",3
"A3QLAOOTFEHCJI",3
"A3QNQQKJTL76H0",3
"A3QZCA4LTTVGAD",3
"A3QZXDBATXFNZX",1
"A3R2YB0WTTB0IJ",2
"A3R36DZQEWNVJ1",3
"A3R6ST52EBN2FK",3
"A3R8PXSFGY9MC2",2
"A3R90OGE1EACZE",3
"A3RB6NQOLOBXYD",1
"A3RMAWK4ELOLRZ",3
"A3RNC9BGR4J1ZF",1
"A3ROE64EVHDTTV",2
"A3ROZK0G84RGMZ",3
"A3RRBPUGD7UOSP",1
"A3RTMB76CJWY9U",3
"A3S9887MZFNNH1",1
"A3S98L5B1SR9P1",2
"A3SFO2GSP5CVSM",3
"A3SJSNS9LW981O",1
"A3SS6VRWCTB7V",1
"A3STFVPM8NHJ7B",3
"A3SU3TXON36T0X",3
"A3SYMLB8JSW5VD",3
"A3T0OTH5072YRE",1
"A3TD7B0CT1NHO4",1
"A3TNM3C9ENUCFW",3
"A3TUQ1JB7ZZNZG",1
"A3TUZOJZM9008Y",1
"A3TYC8T6W81DDB",3
"A3TZV5SXQ8F6ST",1
"A3U56M0Y8LYO6J",3
"A3U5JCXIXTGSLN",1
"A3UA046AA3DXFD",1
"A3UCNXHX2PB3KQ",1
"A3UDYY6L2NH3JS",2
"A3UPYGJKZ0XTU4",2
"A3USRUCHAOC3MT",3
"A3V5DUZ5KXPGQA",1
"A3V6Z4RCDGRC44",2
"A3VI2VETB90ZG5",1
"A3VIOCJZ22JZXT",2
"A3VLX5Z090RQ0V",1
"A3VQSFORKH8B7O",2
"A3VUO1LJGMSZQY",1
"A3VV4GUGLUVUP1",1
"A3W13VVBRY5GL7",3
"A3W1JJGJHRPH4Y",2
"A41I67QYRAOSQ",1
"A457S8SW690NM",2
"A461VTLW9G9YB",3
"A4CHIXX0HOB3G",1
"A4F8CJ1L4348V",2
"A4JP4T1F95D0A",2
"A4PPZNQF1X2IY",2
"A4SY5RCGC5CH9",3
"A4UKBG3M5U5TI",1
"A4X7FBQ5SKPI6",1
"A4X7NFDO3I1TA",1
"A51IK68MWKV5R",3
"A56AA52NMMKYQ",1
"A5A2QE6NECFR5",3
"A5AIEA4LXWJH3",3
"A5DIAZ5GT3MC",1
"A5KJVGJ43ZDC9",1
"A5KLP39OKXD5P",3
"A5OD2CTWK2EBA",1
"A5QE86H97FDJA",1
"A5TZXWU8AALIC",2
"A5UMUVEV1RUS9",1
"A5WMBIOGE8Q6N",1
"A5X1B2HBQUR3P",3
"A6ADO7B6FUVN",2
"A6DOCZ10B7JAJ",3
"A6FIAB28IS79",3
"A6VFFRIHAXKRL",1
"A6VXZ1EEPRTLV",3
"A6X6LNZO1C3EZ",3
"A77184QJM3PM",1
"A7P9LPMSBAAME",1
"A7PBI5HADJYER",1
"A7Y6AVS576M03",2
"A81P47EIXM8HA",1
"A82LIVYSX6WZ9",2
"A82R4WKX62LEK",1
"A84UFSF2SZS2W",1
"A86R2KZIFHKLB",1
"A8DI0COTCMRDV",3
"A8F2AZWB20X1H",3
"A8G9GETA2OLMZ",1
"A8M4WE1MT4R4O",1
"A8S11VP9Z36D6",1
"A8X8D4BUY5DFU",3
"A91LE0MPYE8GJ",3
"A928WN8NV03WZ",1
"A96JD9312DHWC",3
"A96K1ZGW56S2I",2
"A9I40WFF40R4",3
"A9L6L5H9BPEBO",1
"A9LAPV8XNKZVZ",2
"A9LNWA25IM2DX",1
"A9NCQGVV5W8N0",3
"A9Q28YTLYREO7",3
"A9RNMO9MUSMTJ",3
"A9TG2NFA614S9",2
"AAECAHBNP1VD2",3
"AAEP8YFERQ8FC",3
"AAI57M3OXP5NK",1
"AAKGTWGAFT1LQ",3
"AATKF0HDBQL86",1
"AAU7CAQIN5BAE",3
"AAZRWLML88IZK",1
"AB0GGIQBNB36Q",1
"AB0W9GTNGHSI3",3
"AB1UMC7SB9D7Z",3
"AB2AQMK9PCWWX",3
"AB9QXH5URDLER",3
"ABFOAYZA2UHD3",3
"ABH4G7TVI6G2T",1
"ABN5K7K1TM1QA",2
"ABO092BYA4VMU",1
"ABO2ZI2Y5DQ9T",2
"ABP69F7LFTI1R",1
"ABSX5TGEGRH76",2
"ABX7SEE84DMLU",2
"AC16NVPW23KGG",1
"ACEA95FQS1AVP",3
"ACIBQ6BQ6AWEV",2
"ACKDSX71VI5HY",1
"ACMAUJEBY6GJF",3
"ACMOLKXVKQ06Z",1
"ACO20QL72D1E6",3
"ACVFTS9X2MKJ8",1
"ACVNA57PI4DLV",1
"AD0J5KK4WQXNS",2
"AD2BIAIH78QI5",3
"AD7IBJCYSJ9EE",3
"AD9WTAOAFUZA4",1
"ADB8XCKNSDY5Z",3
"ADE852UR9121C",1
"ADJBUPS8SJHTC",3
"ADKA2MJQQCMTO",1
"ADLVFFE4VBT8",1
"ADS5APY1NKTL4",3
"AE0E6UII0VSZA",1
"AE42JLYPXUI45",1
"AE4JNORCLW8F6",3
"AE9GUE3HHOX3U",2
"AE9V37MS6QY8D",3
"AEGR40GALMDJ4",2
"AEMZRE6QYVQBS",1
"AEQFYOI6YJ83Z",2
"AER15RIMV8E6D",2
"AESY8NCX6VS6O",1
"AEVNUEDRGTC4P",1
"AF3X7J0XC391L",1
"AF8C86SGYLH81",3
"AFFVUZEGP1FDQ",1
"AFJFXN42RZ3G2",3
"AFLQGO7CJVK50",1
"AFMUUJT7J32LN",1
"AFOK05KDCHSHL",1
"AFV2584U13XP3",1
"AG0TA24LI0XV7",1
"AG6UYD56VHOG1",1
"AG8U6F6226GBZ",1
"AGEIT17HENDIS",3
"AGI3VJ0I04QO7",1
"AGKPTMTR3UX1R",2
"AGNOPNCN6FHB6",1
"AGQY11NLQJ2JL",3
"AGRR05FH945HR",3
"AGU2ZGUBFCJTJ",2
"AGVWTYW0ULXHT",3
"AGZVS6M8XJGN6",2
"AH1OH4PWR7NV6",1
"AHABFECTNE15I",2
"AHBNPMHDWZ7SB",3
"AHCVWPLA1O4X8",1
"AHF97M45JFCB",1
"AHIK7BUXFRMT8",3
"AHL35XZ3OND2Z",1
"AIBRTGBN07D6A",1
"AIFNOZKR9WTYI",1
"AIFXFHO2N9WJB",2
"AIIR8E34EDKCQ",2
"AILBDL6ATVDCJ",3
"AIMR915K4YCN",2
"AIRHRV3D8X4J1",1
"AIY4H4KWR2KWZ",1
"AJ9W09EUQPAKE",1
"AJD9EA658HCFW",1
"AJKWF4W7QD4NS",2
"AJLYAY1G5Z8GE",3
"AJMU8VVFKMZI4",2
"AJRFZ0VZ0LD26",2
"AJUFIGATSP9AQ",3
"AK0CENM3LUM28",1
"AK1OBVI54SY73",3
"AK2AQIULQDFS5",3
"AK61LQI92GTCH",1
"AK6UVFSU07NXH",1
"AK7D1BHZOSOL1",3
"AK81WLVD5KGUX",3
"AKMEY1BSHSDG7",1
"AKS9SJTHTU0OM",3
"AKT8TGIT6VVZ5",2
"AL277B4AQCWBG",3
"AL4MKKO24563R",1
"AL5OEDM8TPTKV",1
"ALG7QH2L5JL2L",3
"ALJGB7XHPFCR",3
"ALLIGF5OZM1I6",3
"ALN0TTRTLHA4E",1
"ALR35EFI69S5R",3
"ALWB64XOXNMDP",3
"AM2PV53UX1JEQ",2
"AMG2LF8MLUDN1",3
"AMIGVTZZIWS6I",3
"AMIOLJHCQHGBE",3
"AMKZHBOK7VMQR",3
"AMMEMPM9MPS55",1
"AMNNPDX9MFEUD",3
"AMP7TQRWAIE84",3
"AMYMJ96STIRW",1
"AMYW43AHO16SS",2
"AN8M401S8Y6DA",2
"AN9J46667D80O",2
"ANAYSRE3LX8GZ",1
"ANBQIWHO9JRFS",2
"ANCOMAI0I7LVG",2
"ANEDXRFDZDL18",1
"ANGH6401L9Y0T",2
"ANIMV3SPDD8SH",3
"ANOAF9M5MTJHN",1
"ANP3R2R4V4GAN",1
"AO3JW5VHT2GQ",1
"AO461REE0KA4J",1
"AO4J90YPX5RU6",3
"AOPQ0KA1B7BFD",1
"AOTMP0OKJOUWI",1
"AOVJYIUATQKR5",1
"AOXL514GEE4AA",3
"AOYTQFRLD8VLP",1
"AP3B615GM191G",2
"APBB297H3ZA5E",1
"APIW11UEPKIC2",2
"APM06HT7JIPZ5",1
"APOGXH3A74CM3",2
"APOUYO1BEPK22",3
"APP5MBH2BSX6I",1
"APQ8N1UKS1RDC",1
"APRZ2IVM8JTLV",1
"APW72P4COWTBK",1
"APZ9MBMUKD2W",1
"AQ01Q3070LT29",2
"AQ0EO10KTRJ4V",3
"AQ6SV7LDSMGBE",1
"AQ8DU6XVA3USJ",3
"AQ990HW13DP08",2
"AQBRMBQ99ESI7",3
"AQI2CW6UKF1ES",1
"AQP1VPK16SVWM",2
"AQUVTQFFXP4AC",3
"AQZH7YTWQPOBE",2
"AR14BIUHYR6B7",1
"AR1T36GLLAFFX",1
"AR2DE47VCY1C8",1
"AR37967IAR6ZT",2
"ARA48345JZPZR",2
"ARFCORBCTKX1J",2
"ARMVAHWQQ9S8A",3
"ARYSE5JQ3AG7L",3
"AS28WVBBZ3G99",3
"AS558SNWF1DXG",3
"AS6SH2JM2YY3H",2
"AS7B4W4KOPQNV",1
"ASEBX8TBYWQWA",1
"ASHT96DUVMF1S",1
"ASIA7V7CBSKD3",3
"ASJ54MITON1NO",3
"ASJ89T42CIUHU",3
"AT07UZQQR7ZEH",3
"AT2BYFEVLVITT",1
"AT6CZDCP4TRGA",3
"AT7W1EXT0PF2Y",1
"ATE5SA1VTJNP8",1
"ATHTCOG6BB6WK",1
"ATOSQVSOA3D8Q",1
"ATQTE464YAZM1",1
"ATS1HA5M3EPZ4",3
