"","V1"
"0767800117.txt",22
"0780622553.txt",1
"0780625633.txt",9
"078062565X.txt",15
"0783226128.txt",2
"0783235208.txt",18
"0784010331.txt",21
"0784011923.txt",17
"0788812262.txt",11
"0790701251.txt",6
"0790729989.txt",5
"0790738139.txt",4
"0790738147.txt",4
"0790742322.txt",12
"0790742942.txt",12
"079074404X.txt",11
"079213690X.txt",9
"0792140923.txt",2
"0792158288.txt",3
"0792838289.txt",1
"0800141709.txt",1
"080017948X.txt",16
"1404954988.txt",10
"1558908242.txt",2
"5553600715.txt",12
"5555672322.txt",8
"5556167281.txt",11
"630024203X.txt",14
"6300247333.txt",24
"6300267938.txt",18
"6301208773.txt",16
"6301231864.txt",8
"6301661745.txt",25
"6301777867.txt",22
"6301797965.txt",8
"6301972007.txt",4
"6301978277.txt",15
"630266232X.txt",18
"630268644X.txt",3
"6302786770.txt",22
"6302798450.txt",13
"6302799066.txt",1
"6302842557.txt",16
"6303050239.txt",22
"6303109950.txt",9
"6303123236.txt",17
"6303201962.txt",13
"6303212263.txt",24
"6303566669.txt",17
"6303566677.txt",17
"6303686796.txt",18
"630394518X.txt",5
"6303953425.txt",2
"630395345X.txt",2
"6304056818.txt",11
"6304127073.txt",21
"6304143192.txt",14
"6304198493.txt",24
"6304240554.txt",8
"6304286953.txt",6
"6304342616.txt",21
"6304432461.txt",16
"6304436394.txt",20
"6304497156.txt",8
"630450862X.txt",19
"6304539258.txt",13
"6304675771.txt",6
"6304711905.txt",9
"6304808879.txt",11
"630486342X.txt",3
"6304946597.txt",11
"6304973179.txt",9
"6304994540.txt",10
"6305133107.txt",18
"630528069X.txt",16
"6305576173.txt",8
"6305605165.txt",16
"6305622930.txt",11
"6305841861.txt",13
"6305949972.txt",23
"7799122803.txt",24
"7883704540.txt",10
"B0000065PD.txt",18
"B00000F6B7.txt",13
"B00000F8CT.txt",14
"B00000G0D3.txt",10
"B00000G0EC.txt",15
"B00000J2KS.txt",3
"B00000J2KT.txt",6
"B00000J2KX.txt",16
"B00000JGHM.txt",5
"B00000JKSV.txt",6
"B00000JQB5.txt",18
"B00003CWPR.txt",12
"B00003CXFG.txt",17
"B00003CXFU.txt",1
"B00003CXI6.txt",2
"B00003CXI7.txt",2
"B00003CXR4.txt",8
"B00003CXS4.txt",5
"B00003CXSP.txt",9
"B00004CIPK.txt",16
"B00004CIQG.txt",1
"B00004CJ2O.txt",8
"B00004CK5O.txt",16
"B00004CLDC.txt",11
"B00004CO5P.txt",22
"B00004CSD8.txt",24
"B00004CSN0.txt",5
"B00004CX83.txt",8
"B00004CX8I.txt",16
"B00004CX8P.txt",14
"B00004CXL8.txt",10
"B00004CXVW.txt",1
"B00004CXZR.txt",13
"B00004CXZS.txt",13
"B00004CYAE.txt",11
"B00004CZRQ.txt",5
"B00004CZSQ.txt",8
"B00004R6C3.txt",23
"B00004R6C5.txt",5
"B00004R6CG.txt",24
"B00004R6NR.txt",15
"B00004R99M.txt",11
"B00004RJ74.txt",20
"B00004RLE7.txt",16
"B00004RLHE.txt",2
"B00004RLX5.txt",13
"B00004RLX9.txt",13
"B00004RM0J.txt",13
"B00004RNRS.txt",2
"B00004RO2M.txt",6
"B00004RPZ0.txt",13
"B00004RR63.txt",17
"B00004RR8Z.txt",14
"B00004RUNT.txt",10
"B00004RYI6.txt",1
"B00004RYT1.txt",7
"B00004RYT2.txt",24
"B00004RYTY.txt",22
"B00004S5QI.txt",16
"B00004S5QK.txt",22
"B00004S5QQ.txt",4
"B00004SH4M.txt",20
"B00004T0HK.txt",9
"B00004T8G1.txt",7
"B00004TLJU.txt",22
"B00004U8NT.txt",2
"B00004UF14.txt",24
"B00004VXS5.txt",22
"B00004VY05.txt",10
"B00004VY0N.txt",24
"B00004VY13.txt",23
"B00004VY16.txt",18
"B00004VYLS.txt",8
"B00004VYLU.txt",11
"B00004VYPF.txt",22
"B00004WCLC.txt",22
"B00004WEJ4.txt",4
"B00004WHSH.txt",12
"B00004WIBV.txt",7
"B00004WIBW.txt",7
"B00004WICV.txt",24
"B00004X0V0.txt",24
"B00004XPQ2.txt",9
"B00004XPQ6.txt",22
"B00004XPQ7.txt",22
"B00004XPQM.txt",20
"B00004XQT1.txt",10
"B00004Y3LP.txt",15
"B00004Z4RS.txt",19
"B00004ZBGC.txt",25
"B00004ZBGE.txt",25
"B00004ZBGJ.txt",25
"B0000507OD.txt",16
"B000050YLX.txt",14
"B0000524CY.txt",5
"B000053TZ6.txt",16
"B000053V0P.txt",21
"B000053VAF.txt",12
"B000055XP5.txt",19
"B000056BRF.txt",10
"B000056BRG.txt",10
"B000056C1T.txt",22
"B000056IFI.txt",17
"B000056IFJ.txt",17
"B000056IFT.txt",21
"B000056V6Z.txt",15
"B000057H8P.txt",22
"B000057VWQ.txt",16
"B000059XVS.txt",9
"B00005AA0N.txt",11
"B00005ABTU.txt",19
"B00005ALRP.txt",24
"B00005B238.txt",9
"B00005B6N8.txt",17
"B00005B6N9.txt",17
"B00005B6NC.txt",17
"B00005B9WV.txt",8
"B00005BK3M.txt",14
"B00005IAY3.txt",2
"B00005J792.txt",11
"B00005JGO7.txt",5
"B00005JKEC.txt",22
"B00005JKHP.txt",13
"B00005JL3A.txt",8
"B00005JL78.txt",1
"B00005JL8F.txt",15
"B00005JLBE.txt",3
"B00005JLBQ.txt",14
"B00005JLWN.txt",10
"B00005JLXE.txt",22
"B00005JMFQ.txt",4
"B00005JMQW.txt",13
"B00005JMUK.txt",19
"B00005JMYF.txt",23
"B00005JMYI.txt",23
"B00005JMZK.txt",12
"B00005JN4W.txt",10
"B00005JN5T.txt",8
"B00005JNC2.txt",6
"B00005JNCZ.txt",13
"B00005JNTU.txt",13
"B00005JNY3.txt",10
"B00005JO1X.txt",21
"B00005JOIH.txt",23
"B00005JPA6.txt",25
"B00005JPAR.txt",17
"B00005JPO1.txt",3
"B00005JPTK.txt",25
"B00005K3LU.txt",16
"B00005K3NR.txt",19
"B00005K3OT.txt",25
"B00005LC6V.txt",6
"B00005LC6Z.txt",11
"B00005LF3B.txt",2
"B00005LKLB.txt",16
"B00005LKX4.txt",9
"B00005LKXE.txt",9
"B00005M22Z.txt",18
"B00005MFO8.txt",25
"B00005MHNI.txt",3
"B00005MHNS.txt",6
"B00005MP77.txt",8
"B00005NDRZ.txt",16
"B00005NE15.txt",7
"B00005NE1W.txt",11
"B00005NOLV.txt",25
"B00005NRND.txt",8
"B00005NZA1.txt",11
"B00005O06A.txt",16
"B00005OM4Q.txt",18
"B00005PJ8I.txt",2
"B00005PJ8O.txt",11
"B00005RDPT.txt",5
"B00005RJ1U.txt",23
"B00005T30L.txt",18
"B00005TNYU.txt",13
"B00005U8EM.txt",16
"B00005UMYY.txt",1
"B00005UQZ5.txt",24
"B00005V962.txt",5
"B00005V96B.txt",10
"B00005V9HH.txt",24
"B00005V9IJ.txt",2
"B00005V9IK.txt",21
"B00005Y6Y2.txt",8
"B000060NYT.txt",23
"B000062V8S.txt",17
"B000063W1I.txt",14
"B000063W1U.txt",18
"B0000640WX.txt",14
"B0000640ZP.txt",12
"B000065JDX.txt",20
"B000065K25.txt",3
"B000065K6J.txt",20
"B000065MQO.txt",6
"B000065R0C.txt",22
"B000066RPF.txt",3
"B000067JG3.txt",2
"B000067JG4.txt",2
"B0000683U7.txt",24
"B000068TZZ.txt",3
"B000068U00.txt",3
"B000068U03.txt",3
"B000069510.txt",8
"B0000696ID.txt",14
"B0000696IE.txt",14
"B000069AT7.txt",14
"B000069AT8.txt",14
"B000069HPL.txt",15
"B000069I3K.txt",14
"B000069I3Y.txt",22
"B00006AG57.txt",18
"B00006AG59.txt",18
"B00006AG5A.txt",18
"B00006AGH0.txt",15
"B00006AGH1.txt",15
"B00006AGHF.txt",22
"B00006AGHG.txt",22
"B00006AL1C.txt",2
"B00006AL1E.txt",2
"B00006AUMG.txt",25
"B00006DEF9.txt",22
"B00006DEFA.txt",16
"B00006FMFZ.txt",14
"B00006FMG0.txt",14
"B00006FMG9.txt",9
"B00006FMGE.txt",12
"B00006FMGF.txt",12
"B00006FMGI.txt",3
"B00006FMGK.txt",13
"B00006FMGR.txt",4
"B00006FMGW.txt",7
"B00006FMGX.txt",7
"B00006GSJV.txt",13
"B00006JNBU.txt",15
"B00006L9XJ.txt",14
"B00006LLJ4.txt",1
"B0000714HI.txt",21
"B000071ZZI.txt",20
"B00007976U.txt",22
"B00007FCTH.txt",16
"B0000844I8.txt",18
"B0000844IT.txt",13
"B00008975Z.txt",3
"B0000897DU.txt",4
"B000089ARH.txt",18
"B00008EY9G.txt",7
"B00008F27A.txt",13
"B00008F27H.txt",13
"B00008FEEF.txt",11
"B00008FEEG.txt",14
"B00008G8LR.txt",9
"B00008G9AP.txt",12
"B00008G9AQ.txt",12
"B00008K76X.txt",15
"B00008OWOF.txt",7
"B00008S2SF.txt",3
"B00008T5OK.txt",2
"B00008VDAD.txt",24
"B00008WJET.txt",15
"B00008X5J5.txt",17
"B000092Q7O.txt",15
"B000094P2X.txt",9
"B00009MEFI.txt",1
"B00009MGEM.txt",8
"B00009W0U0.txt",8
"B00009W2GP.txt",2
"B00009W2GQ.txt",2
"B00009W8QL.txt",1
"B0000A5BTG.txt",19
"B0000ABPLG.txt",10
"B0000AOWNJ.txt",11
"B0000C24F3.txt",14
"B0000C24IJ.txt",8
"B0000CC798.txt",19
"B0000CDL93.txt",1
"B0000CGD0X.txt",4
"B0000D0XZ4.txt",21
"B0000DC3VK.txt",9
"B0000DJF2S.txt",9
"B0000DK4QI.txt",9
"B0000DK4QJ.txt",1
"B0000DK4QK.txt",17
"B0000DK4QL.txt",22
"B0000TPA4M.txt",25
"B0000TPA88.txt",9
"B0000UI2NM.txt",7
"B0000VAFO0.txt",7
"B000127M62.txt",8
"B00012FXB8.txt",14
"B00018D454.txt",8
"B00018D45O.txt",8
"B00018U9FW.txt",18
"B00018U9G6.txt",18
"B0001CNRRU.txt",25
"B0001DI0FI.txt",13
"B0001DMVBC.txt",13
"B0001E7LQG.txt",8
"B0001EYTK2.txt",8
"B0001G6PZC.txt",7
"B0001HK21Y.txt",9
"B0001JXOUS.txt",7
"B0001KU90U.txt",7
"B0001L3MI0.txt",21
"B0001O3YC6.txt",17
"B0001O3YCG.txt",17
"B0001OGV3A.txt",8
"B0001XQE7O.txt",7
"B0001ZWN1S.txt",11
"B00020JQ76.txt",18
"B000227EO6.txt",2
"B00022PZG0.txt",18
"B00023B1LC.txt",20
"B00023B1LM.txt",20
"B000244EME.txt",9
"B000244EMO.txt",9
"B00024JC2Q.txt",23
"B000260OGW.txt",10
"B0002ABUOI.txt",8
"B0002ABUP2.txt",8
"B0002ABUSY.txt",8
"B0002B15WE.txt",16
"B0002CHK1S.txt",23
"B0002J4X1Q.txt",8
"B0002KVUMK.txt",7
"B0002KVUMU.txt",7
"B0002NIAZW.txt",21
"B0002RGNRU.txt",12
"B0002VEUTO.txt",17
"B0002VEUTY.txt",17
"B0002XK19A.txt",13
"B0002Z16HY.txt",5
"B0002ZUHD8.txt",6
"B0004Z33EG.txt",14
"B00061QK20.txt",8
"B00062J0LM.txt",1
"B0006419LE.txt",25
"B00064AM5I.txt",23
"B00064YTMU.txt",6
"B00067ISBU.txt",25
"B0006BE3S8.txt",12
"B0006HBU2E.txt",20
"B0006IIPIK.txt",24
"B0006IJ5PM.txt",13
"B0006IWQIU.txt",12
"B0006IWY0U.txt",13
"B0006J240Y.txt",8
"B0006J28KU.txt",5
"B0006Z2KOI.txt",13
"B00070FX5U.txt",21
"B0007A2GSM.txt",10
"B0007A2GSW.txt",10
"B0007IF19K.txt",6
"B0007NE5U6.txt",15
"B0007OCG4W.txt",6
"B0007P0Y7C.txt",22
"B0007QS21G.txt",21
"B0007QS21Q.txt",22
"B0007R4TBW.txt",6
"B0007TKOA0.txt",21
"B0007TKOAA.txt",21
"B0007TKOAK.txt",21
"B0007UVTAS.txt",8
"B0007VNGX0.txt",8
"B0007VNGXK.txt",25
"B0007Y08I8.txt",3
"B0007Y08II.txt",3
"B0007Y08IS.txt",3
"B0007YXREU.txt",3
"B0007Z0OL8.txt",3
"B0008FXTB4.txt",2
"B0008KLW4A.txt",2
"B00092ZLS0.txt",11
"B000957O7S.txt",23
"B000957O82.txt",23
"B00096S48U.txt",24
"B00096S49O.txt",23
"B0009ETCV0.txt",8
"B0009G3B0G.txt",15
"B0009MWEN0.txt",21
"B0009ORFH8.txt",8
"B0009PLLO0.txt",1
"B0009PQX02.txt",8
"B0009RCPUC.txt",5
"B0009UC7H0.txt",5
"B0009UC7HA.txt",5
"B0009X75RO.txt",22
"B000A0GP5Y.txt",10
"B000A2IPP0.txt",14
"B000A6T29O.txt",24
"B000A896J8.txt",5
"B000AAJTM0.txt",2
"B000AE8L1Q.txt",10
"B000AMWIVM.txt",4
"B000AP04L0.txt",15
"B000ARIS52.txt",20
"B000ARTMWU.txt",8
"B000ARTN42.txt",6
"B000ARTNBK.txt",13
"B000ASDG0I.txt",24
"B000AY74OQ.txt",23
"B000B7QAHO.txt",25
"B000B7TLTI.txt",10
"B000B8VCSA.txt",20
"B000B8VCSU.txt",4
"B000BB1MI2.txt",25
"B000BB96M6.txt",25
"B000BB96MG.txt",25
"B000BDH6BC.txt",4
"B000BDH6BM.txt",4
"B000BDH6BW.txt",4
"B000BI5KV0.txt",23
"B000BNXDBO.txt",21
"B000BQJO1Y.txt",8
"B000BTJDGC.txt",5
"B000BTJDGM.txt",5
"B000BU0BBM.txt",22
"B000BZISQ2.txt",17
"B000BZIT20.txt",14
"B000C65YP8.txt",15
"B000C8Q978.txt",16
"B000CC3TMM.txt",8
"B000CCW2RU.txt",1
"B000CCW2TI.txt",23
"B000CD9U4M.txt",25
"B000E1MTYK.txt",12
"B000E1MTYU.txt",17
"B000E1ZK50.txt",7
"B000E5KJH0.txt",6
"B000E5KJHA.txt",25
"B000E5KJI4.txt",5
"B000EBGE64.txt",12
"B000EBIP16.txt",21
"B000EBIP1G.txt",21
"B000EGDAIY.txt",8
"B000ELL1TE.txt",5
"B000EMGICS.txt",6
"B000EOTTTU.txt",1
"B000EOTVU2.txt",15
"B000EOTVUM.txt",15
"B000EQ5SR0.txt",10
"B000ESSUL4.txt",1
"B000EWBKU8.txt",16
"B000EYK4KI.txt",24
"B000EZ7ZZE.txt",8
"B000F0V0LI.txt",18
"B000F1IQIM.txt",20
"B000F6IOBQ.txt",7
"B000F9RB8A.txt",20
"B000FA57M6.txt",8
"B000FA57NK.txt",24
"B000FC2HRW.txt",20
"B000FEE6K6.txt",15
"B000FFL2RA.txt",5
"B000FGGE68.txt",10
"B000FGGE6I.txt",10
"B000FILV1Y.txt",13
"B000FKO0Q0.txt",24
"B000FS9FCQ.txt",6
"B000FUTQNC.txt",21
"B000FVQLQQ.txt",13
"B000FVQLRA.txt",15
"B000G5SILM.txt",4
"B000GFLEGI.txt",8
"B000GOUMPI.txt",16
"B000GT4H0Y.txt",10
"B000GTLQXU.txt",18
"B000GUJYKG.txt",16
"B000GW8VSU.txt",1
"B000H0MKOC.txt",18
"B000H5TVKI.txt",14
"B000H5TVKS.txt",4
"B000H7I6CU.txt",10
"B000HCO840.txt",19
"B000HDR81E.txt",23
"B000HDZK1Y.txt",18
"B000HEWEJO.txt",16
"B000HIVOI2.txt",18
"B000HIVOIM.txt",21
"B000HOMU98.txt",6
"B000HRMAPE.txt",18
"B000HZJ0CW.txt",13
"B000I0FB1U.txt",18
"B000I186FW.txt",6
"B000I2J2WC.txt",12
"B000I2JKEC.txt",24
"B000I2JKEM.txt",24
"B000I3PERS.txt",9
"B000I55YQM.txt",1
"B000I66JQA.txt",10
"B000I8ERVM.txt",5
"B000I8ES5C.txt",20
"B000I9S5U0.txt",6
"B000I9S5UK.txt",3
"B000I9U8NW.txt",13
"B000I9U9CW.txt",1
"B000I9WWJA.txt",3
"B000I9WWK4.txt",23
"B000I9X6UO.txt",1
"B000I9YUVS.txt",23
"B000I9YUW2.txt",8
"B000I9YWDO.txt",15
"B000I9YWMA.txt",17
"B000I9YX6U.txt",22
"B000ICZD6Q.txt",21
"B000ID37RM.txt",5
"B000IEZP8K.txt",18
"B000IMM3XW.txt",19
"B000IOM0WE.txt",10
"B000IOM0WY.txt",9
"B000IOM0X8.txt",5
"B000IZYKR6.txt",22
"B000J103OI.txt",10
"B000J1AGQI.txt",6
"B000JCK3ZG.txt",19
"B000JF9PSO.txt",15
"B000JGG6T4.txt",24
"B000JJHYQK.txt",4
"B000JJLTA2.txt",9
"B000JJSJRS.txt",18
"B000JLPMPS.txt",14
"B000JLTR8Q.txt",11
"B000JLTR90.txt",11
"B000JSI7AI.txt",22
"B000JSI7B2.txt",17
"B000JU7KAE.txt",11
"B000JU7KAO.txt",11
"B000JUB7LM.txt",19
"B000JUB7LW.txt",7
"B000K2UVZM.txt",19
"B000K2UVZW.txt",19
"B000K7UG2U.txt",1
"B000K7UG3O.txt",13
"B000KC86F4.txt",19
"B000KI79YW.txt",4
"B000KKQNRO.txt",12
"B000KX0ISG.txt",3
"B000KX0ISQ.txt",22
"B000LC55F2.txt",1
"B000LPR9ZS.txt",4
"B000LVAQDE.txt",14
"B000M06KJ8.txt",4
"B000M53GMC.txt",20
"B000M8X200.txt",24
"B000M9BPEY.txt",7
"B000ML11RI.txt",20
"B000MMMTAK.txt",15
"B000MQ54OO.txt",23
"B000MQ54OY.txt",23
"B000MQC9H4.txt",15
"B000MS3YXU.txt",11
"B000MXJ7LS.txt",16
"B000MXPE7O.txt",20
"B000MXPE7Y.txt",20
"B000MZHW1S.txt",4
"B000N6U0DS.txt",13
"B000N6U0E2.txt",13
"B000NA22C6.txt",4
"B000NI8F5G.txt",22
"B000NIVJF4.txt",9
"B000NOK0GM.txt",16
"B000NQQ4ME.txt",5
"B000NQRV4O.txt",6
"B000O174CM.txt",10
"B000O1F6K4.txt",20
"B000O76T7C.txt",14
"B000O76T7M.txt",12
"B000O77R6O.txt",17
"B000O77RLE.txt",2
"B000OLV97I.txt",23
"B000OVLBEO.txt",23
"B000OVLBEY.txt",23
"B000OW77UU.txt",13
"B000P0J0DI.txt",14
"B000P0J0EM.txt",24
"B000P0XJXA.txt",9
"B000P6R5Y8.txt",9
"B000PAAJVA.txt",22
"B000PMLJN0.txt",4
"B000Q678OO.txt",3
"B000Q79HS8.txt",20
"B000Q79HTC.txt",20
"B000Q7ZND6.txt",19
"B000Q99EAC.txt",14
"B000QE1U9K.txt",14
"B000QE9ERU.txt",2
"B000QFCD7W.txt",23
"B000QGDYZQ.txt",21
"B000QQH4YS.txt",21
"B000R209NY.txt",18
"B000RHLY7E.txt",8
"B000RHLY8I.txt",15
"B000RJO582.txt",8
"B000RJO58M.txt",3
"B000RLFBP6.txt",21
"B000SVZIS0.txt",25
"B000SW164O.txt",11
"B000T4349G.txt",8
"B000T5O48K.txt",5
"B000TGJ8CQ.txt",1
"B000TJ6PBK.txt",18
"B000TJBN80.txt",8
"B000UAE7O0.txt",20
"B000UIVRXG.txt",3
"B000UJ48PE.txt",9
"B000UR9T7I.txt",13
"B000USU9E4.txt",22
"B000USU9FI.txt",1
"B000V1Z8KK.txt",4
"B000VALY54.txt",9
"B000VBJEFK.txt",10
"B000VDDES6.txt",23
"B000VDDWE2.txt",21
"B000VDDWEC.txt",8
"B000VDDWEM.txt",8
"B000VECACG.txt",2
"B000VKL6Z2.txt",11
"B000VKL6ZC.txt",11
"B000VSYDRM.txt",8
"B000VY1EYQ.txt",23
"B000W11SI0.txt",15
"B000W1V5VU.txt",5
"B000W4HJ44.txt",2
"B000WX5KA0.txt",18
"B000XJSL9U.txt",16
"B000XQ0QW8.txt",11
"B000Y7WGP6.txt",6
"B000YAF4MA.txt",19
"B000YENUI6.txt",11
"B000YGIHOG.txt",8
"B000YH6YG8.txt",9
"B000YHBEPO.txt",18
"B000YHG72E.txt",23
"B000Z8GZYW.txt",16
"B000Z8KAUM.txt",5
"B000ZLFALI.txt",17
"B000ZLFALS.txt",17
"B000ZLJOW4.txt",18
"B000ZN8036.txt",3
"B000ZN803G.txt",3
"B00103584Y.txt",22
"B0010DRYP0.txt",11
"B0010DRYPU.txt",14
"B0010HLGZA.txt",23
"B0010HOZVW.txt",22
"B0010T7R5G.txt",1
"B0010X73ZG.txt",2
"B00112S8RS.txt",18
"B0011E5D2Y.txt",23
"B0011EBDE6.txt",15
"B0011MRKHW.txt",6
"B0011NVCO8.txt",22
"B0011TMOIK.txt",12
"B0011VRBEK.txt",3
"B0012FHGCW.txt",3
"B0012GE91W.txt",12
"B00139YA4O.txt",2
"B0013AESMM.txt",22
"B0013D8LKO.txt",12
"B0013FXWU6.txt",22
"B0013ND36G.txt",17
"B0013YPEMG.txt",8
"B00147F8Z0.txt",12
"B0014B8KSI.txt",5
"B0014C6F48.txt",10
"B0014CQNTK.txt",10
"B0014J8D9Q.txt",14
"B0014T5TAM.txt",14
"B0014Z4ONE.txt",3
"B00151QYU8.txt",12
"B00158K0S8.txt",11
"B0015QQKPC.txt",24
"B0016JODPW.txt",18
"B0016OLC5Q.txt",3
"B0016OOEUG.txt",18
"B0016Q2D66.txt",7
"B0016RDEH2.txt",25
"B0017OB12O.txt",9
"B0017R3WQE.txt",2
"B0017W8ODK.txt",14
"B0017ZUOEE.txt",25
"B0018CWESA.txt",18
"B0018O4YSQ.txt",1
"B00190KZUU.txt",7
"B001992NW4.txt",5
"B0019IIPZO.txt",17
"B0019PL2HA.txt",23
"B0019QZES2.txt",8
"B001A4LYN2.txt",22
"B001A7X0XG.txt",10
"B001AII4T0.txt",15
"B001AII4TU.txt",25
"B001AQT0Z4.txt",2
"B001BJ6918.txt",2
"B001BN4WMW.txt",9
"B001BPQT8A.txt",5
"B001BR5NLW.txt",17
"B001BR5NN0.txt",10
"B001BTZVFI.txt",13
"B001CDR1FG.txt",21
"B001DHXT1G.txt",21
"B001DRF84W.txt",21
"B001DZOC6Y.txt",11
"B001EBLX5K.txt",15
"B001EBWIRC.txt",4
"B001EBWIV8.txt",2
"B001EBYM80.txt",24
"B001EBYM8A.txt",24
"B001EBYM8U.txt",22
"B001EC0OQ8.txt",4
"B001EC2ISA.txt",12
"B001EC2IT4.txt",12
"B001EC2IYE.txt",19
"B001EDOC5Q.txt",21
"B001EDVNLM.txt",3
"B001EH7H7W.txt",9
"B001EIOOV8.txt",11
"B001EL6EFE.txt",23
"B001ER4CSO.txt",25
"B001F12J3Y.txt",23
"B001F7MSF2.txt",25
"B001F7MSFM.txt",25
"B001F7MSFW.txt",25
"B001FB55HQ.txt",17
"B001FB55I0.txt",17
"B001FFBI82.txt",6
"B001FQMOCA.txt",12
"B001FZ9AAU.txt",15
"B001G2MB2G.txt",12
"B001G5RST4.txt",23
"B001G5RSTE.txt",23
"B001G7Q0Z0.txt",25
"B001GCUO5M.txt",7
"B001GCUO5W.txt",7
"B001GJ7E9E.txt",24
"B001GL4KI0.txt",10
"B001H20HVM.txt",4
"B001HUHBAE.txt",22
"B001IAME78.txt",21
"B001IO1614.txt",3
"B001JI7WTO.txt",18
"B001JIAK66.txt",7
"B001JIDE3M.txt",18
"B001K2KM8W.txt",25
"B001KEHAH6.txt",10
"B001KEHAHQ.txt",13
"B001KEHAI0.txt",16
"B001KEN3K4.txt",10
"B001KSLG40.txt",8
"B001KZG99A.txt",15
"B001L57ZZ6.txt",18
"B001L5O0OA.txt",23
"B001LGXIQ0.txt",10
"B001LRTT7Q.txt",8
"B001LX50I2.txt",9
"B001M9ELP8.txt",18
"B001MYIXAW.txt",22
"B001N3OJEG.txt",4
"B001N4RORE.txt",10
"B001NAT07A.txt",2
"B001NI24OI.txt",13
"B001NKI60W.txt",10
"B001NLF2ZI.txt",12
"B001OIXU0O.txt",10
"B001OKKRVM.txt",23
"B001OKUREO.txt",1
"B001P9KR94.txt",8
"B001PO54V0.txt",22
"B001PPGAJY.txt",19
"B001Q94TQ0.txt",2
"B001QB5SCM.txt",19
"B001QH32CE.txt",23
"B001QOGYAY.txt",10
"B001R0BU3I.txt",5
"B001R6AW18.txt",15
"B001R6G34I.txt",15
"B001RALGBO.txt",21
"B001RJX870.txt",5
"B001RU311W.txt",3
"B001SMC9IK.txt",13
"B001TAFCBC.txt",12
"B001UV4XEM.txt",8
"B001UV4XEW.txt",8
"B001V7YJMG.txt",22
"B001VNWB5W.txt",22
"B001VPJZ1I.txt",13
"B001VPJZ6S.txt",10
"B001VPJZN6.txt",9
"B001VPJZNQ.txt",18
"B001VPJZPO.txt",10
"B001W6S0C6.txt",8
"B001YV502C.txt",6
"B001YV5036.txt",6
"B0021L8UXA.txt",8
"B0021L8UXK.txt",8
"B0026127Y8.txt",4
"B00267N3DQ.txt",17
"B0026ATDT6.txt",8
"B0026JI1SG.txt",19
"B0026KWT0G.txt",8
"B0026Y88RU.txt",19
"B0027WNRVI.txt",7
"B00284BNKC.txt",17
"B00288KNLS.txt",24
"B0028O9VE2.txt",10
"B0028OA3EO.txt",24
"B0028OA3EY.txt",24
"B00298G6WW.txt",13
"B002A5EBMQ.txt",15
"B002BVOYIA.txt",4
"B002G1K82Q.txt",17
"B002GHHHMO.txt",5
"B002GSXKP6.txt",5
"B002I9Z8G2.txt",13
"B002KGREJC.txt",10
"B002KGREJM.txt",9
"B002KGREJW.txt",16
"B002LMOCDQ.txt",10
"B002NJUN44.txt",23
"B002OHDRF2.txt",17
"B002OSA3MQ.txt",16
"B002OSHN88.txt",16
"B002P8ZOUQ.txt",19
"B002P93VGO.txt",19
"B002R1W5VW.txt",2
"B002RIC50G.txt",9
"B002RILM00.txt",23
"B002RVCD0U.txt",17
"B002SEQ8ZC.txt",24
"B002SEQ8ZM.txt",24
"B002T9H2ME.txt",24
"B002T9H2MO.txt",24
"B002UOMGVU.txt",11
"B002V0GZ9M.txt",21
"B002VWOMMM.txt",14
"B002VWOMN6.txt",16
"B002XMGGJM.txt",6
"B002XMGGK6.txt",6
"B002YCVX5S.txt",15
"B002YJHE36.txt",12
"B002YJMMBA.txt",12
"B002ZG977Y.txt",4
"B002ZG97XI.txt",15
"B002ZG97XS.txt",15
"B002ZG97YM.txt",25
"B002ZG9846.txt",5
"B002ZHKZCY.txt",20
"B003008RWA.txt",22
"B0030MM68O.txt",1
"B00316SRGY.txt",17
"B00337KM2S.txt",5
"B0033BISWK.txt",4
"B0034G4OY0.txt",12
"B003ASLJQS.txt",3
"B003BZXHVK.txt",19
"B003BZXIEG.txt",19
"B003E48AYC.txt",24
"B003ELMR9E.txt",1
"B003EYVXT6.txt",15
"B003EYVXUU.txt",6
"B003F6WENW.txt",23
"B003GXJ072.txt",14
"B003HARV4S.txt",1
"B003IBEH02.txt",10
"B003ICOUVW.txt",7
"B003IGKDMI.txt",11
"B003IWZ1D8.txt",7
"B003KRGCTI.txt",22
"B003KV3E36.txt",14
"B003L16FAE.txt",9
"B003NTSBTC.txt",7
"B003OEKOFK.txt",15
"B003PAXONC.txt",25
"B003PIUINS.txt",20
"B003QTUQGU.txt",24
"B003SI2BNA.txt",13
"B003UAFBXS.txt",17
"B003UESJLK.txt",14
"B003UMW648.txt",21
"B003VMZPFO.txt",8
"B003WQT2YY.txt",16
"B003WTO5MA.txt",22
"B003WTO5Y8.txt",9
"B003WTO61A.txt",19
"B003XM7K8W.txt",8
"B003Y5H5EC.txt",22
"B003Y5H5HE.txt",17
"B003Y5H5HO.txt",5
"B003Y5USF0.txt",21
"B003Y5USG4.txt",21
"B003Y60CYG.txt",10
"B003ZD9DQQ.txt",5
"B0041G67ZG.txt",12
"B0041JJ4SK.txt",21
"B0042AGNAK.txt",23
"B0043JDUNS.txt",15
"B0043KVFX4.txt",8
"B004499LWQ.txt",6
"B004499LX0.txt",6
"B00449DHN0.txt",7
"B0045HCJ9E.txt",24
"B0045ODPKY.txt",24
"B00466H3DG.txt",12
"B0047BXRB2.txt",11
"B00498TQV8.txt",14
"B004EPYZPS.txt",8
"B004EPYZQ2.txt",8
"B004GYU16Y.txt",24
"B004HYDL1K.txt",20
"B004IK30S2.txt",23
"B004JOCU2O.txt",8
"B004KV92ZE.txt",20
"B004MYH08U.txt",15
"B004OBQDH0.txt",12
"B004RE29T0.txt",14
"B004RKXW0E.txt",10
"B004SEUJ0K.txt",19
"B004SIP6BI.txt",25
"B004SIP8QQ.txt",2
"B004SIP9B0.txt",25
"B004SKLD9A.txt",10
"B004SUDQ22.txt",22
"B004TJ1H1E.txt",15
"B004TNKKY0.txt",2
"B004TRJRD6.txt",5
"B004U40NBS.txt",22
"B004UXUX4Q.txt",5
"B004UXUX7S.txt",5
"B004V4RV1M.txt",8
"B004WO6BPS.txt",12
"B004XQO90E.txt",22
"B004XQO90O.txt",22
"B004YRSC7I.txt",1
"B004ZG5F3M.txt",25
"B004ZJZQGA.txt",1
"B005014GOK.txt",20
"B0054K8O36.txt",23
"B0054OGQM8.txt",2
"B0055X0DJ0.txt",18
"B005721W9O.txt",14
"B0058Q4598.txt",13
"B0059XTUVI.txt",10
"B005DVINPU.txt",8
"B005IZLPMY.txt",13
"B005LAIIRQ.txt",4
"B005LAIIS0.txt",4
"B005OV0PS2.txt",10
"B005T3AX6E.txt",2
"B005V5HWAA.txt",10
"B005WGNKSG.txt",5
"B005Y4CWJO.txt",11
"B005Y4DIMY.txt",11
"B005ZMUP8K.txt",23
"B005ZMUXDC.txt",10
"B0065AVS0K.txt",20
"B0068FZ05Q.txt",20
"B0068FZ1AU.txt",10
"B0068THAGY.txt",8
"B006CUZ8S6.txt",12
"B006H90TLI.txt",10
"B006OAXL92.txt",17
"B006RXQ1L6.txt",22
"B006RXQ6FM.txt",18
"B006RXQ800.txt",7
"B006VYFB1C.txt",18
"B007A4Y1NQ.txt",18
"B007FH9GA6.txt",5
"B007K2M3N8.txt",24
"B007K8BDMY.txt",19
"B007N31XJY.txt",1
"B007N31YQ6.txt",1
"B007NRBMZU.txt",13
"B007STBUHI.txt",15
"B007XF4J66.txt",4
"B007XF4J70.txt",4
"B0083SI986.txt",17
"B0083SJFZ2.txt",4
"B0083SJFZC.txt",14
"B00867GKIK.txt",10
"B00871C09S.txt",11
"B00871C0DO.txt",6
"B0087ZG7KM.txt",17
"B0087ZG7TS.txt",14
"B0087ZG7UW.txt",7
"B008LY5VHE.txt",15
"B008PZYMVK.txt",18
"B008PZZND6.txt",22
"B008Q016EU.txt",15
"B008Q08008.txt",15
"B008V5OTW6.txt",23
"B008V5UQZK.txt",10
"B008WDRWZS.txt",19
"B008XPG6DY.txt",6
"B008YI91HS.txt",15
"B009NQKPUW.txt",14
"B009OMYASS.txt",9
"B009RI4372.txt",13
