"","Topic 1","Topic 2","Topic 3","Topic 4","Topic 5","Topic 6","Topic 7","Topic 8","Topic 9","Topic 10","Topic 11","Topic 12","Topic 13","Topic 14","Topic 15","Topic 16","Topic 17","Topic 18","Topic 19","Topic 20","Topic 21","Topic 22","Topic 23","Topic 24","Topic 25"
"1","shaw","marti","penn","rick","pitt","owen","hels","romero","lecter","pixar","shyamalan","kidman","khan","ripley","dinosaur","mcclane","connor","ethan","mutant","bourn","narnia","eli","penguin","joli","hellboy"
"2","farrel","travolta","reservoir","bogart","clooney","portman","samurai","virus","hopkin","streep","patton","carrey","parker","sheriff","brodi","mozart","riddick","scorpion","wolverin","damon","quaid","denzel","rider","loi","chocol"
"3","colin","maria","roth","jigsaw","emili","natali","dicaprio","joker","norton","juno","niro","winslet","nash","unforgiven","paltrow","murray","hugo","laura","freeman","cia","banner","lola","vaughn","spacey","del"
"4","marco","thurman","buscemi","neeson","pacino","clive","jackman","keaton","graham","violet","myer","phoenix","raimi","robbi","diaz","orson","schwarzenegg","hoffman","maggi","rodriguez","sideway","jake","ferrel","apollo","toro"
"5","manchurian","uma","brosnan","bergman","exorc","foxx","leonardo","juliann","wallac","meryl","deniro","nicol","gardner","stallon","affleck","holli","diesel","josh","morgan","supremaci","tornado","affleck","munich","angelina","heston"
"6","streep","von","keitel","wahlberg","troy","vincent","shutter","boyl","manhunt","milla","goodfella","kaufman","connelli","elliot","cohen","vienna","walt","seymour","franki","rourk","luci","reynold","vinc","wonderland","labyrinth"
"7","raymond","vol","heist","falcon","swedish","jami","japan","sheriff","fienn","helen","unbreak","avp","campbel","hackman","jew","amadeus","rees","travi","swank","mickey","ang","swan","mend","tommi","charlton"
"8","nolan","plummer","parker","liam","bunker","werewolf","bate","abram","ralph","costner","poppin","carter","evan","aton","pianist","rickman","vin","stargat","jackman","goldfing","robocop","zodiac","jeremi","astronaut","guillermo"
"9","erin","dreyfuss","madsen","kim","berlin","jude","norman","tiger","scotland","jovovich","lauri","vinci","grimm","weaver","bridget","duval","linda","rachel","xavier","kung","emmerich","gyllenha","stiller","omen","nevill"
"10","denzel","roy","clockwork","humphrey","ellen","cinderella","teddi","barbara","dutch","benhur","mafia","pyramid","julian","elliott","creek","phil","hamilton","weisz","ratner","owen","ross","daredevil","anchorman","kent","spain"
"11","sutherland","neo","kim","confidenti","fincher","nichol","bloom","greg","schwarzenegg","coen","elijah","dumbledor","jessica","freeman","jewish","reed","kyle","brendan","theron","machet","verhoeven","nina","eva","rockwel","shrek"
"12","meryl","zemecki","berri","maltes","achill","joker","marion","undead","hostel","ultraviolet","cleveland","spotless","spock","sullivan","clanci","abraham","beatl","malkovich","bryan","india","virginia","brokeback","santa","duncan","diana"
"13","magician","scarfac","ark","basing","casino","aniston","werewolf","gotham","braveheart","equilibrium","casino","voldemort","reed","newman","tub","gruber","skynet","fraser","phoenix","cox","twister","oconnor","waitress","brandon","elfman"
"14","demm","catwoman","alaska","curti","clayton","mann","werewolv","michell","lector","sandler","hellrais","beetlejuic","maguir","sigourney","polanski","mctiernan","ripper","cusack","grizzli","clive","susan","ledger","crasher","donner","doug"
"15","schreiber","reload","hirsch","district","eva","boxer","motel","crouch","conneri","bale","dalla","bishop","che","morgan","curti","bonni","marcus","poseidon","constantin","amnesia","sandra","donald","madagascar","cari","roddi"
"16","sniper","montana","templ","detroit","sahara","butler","leigh","hoffman","derek","chef","bradley","emma","sue","bounti","freeman","graham","cyborg","rick","boxer","jessica","harold","doyl","elf","vertigo","gorilla"
"17","prestig","mist","madonna","garrison","friedkin","rene","wolfman","barbra","jess","donna","dunn","dobbi","spidey","perdit","cia","carol","inspector","egypt","gym","joan","betti","singin","albert","bacon","astronaut"
"18","illusionist","pacino","korea","rwanda","reich","collater","crane","argento","scottish","mia","lesli","pollack","motorcycl","ned","soviet","cotton","elvi","egyptian","berri","chow","schwarzenegg","gavin","kurt","hackman","liz"
"19","memento","michell","dave","hanson","tattoo","clyde","walken","umbrella","tombston","hudson","watt","rupert","meyer","barrymor","morgan","powel","fountain","bean","cyclop","berlin","roland","watchmen","nicola","mia","roy"
"20","strangelov","traci","shaun","pete","heist","sergeant","mcgregor","zack","val","lebowski","tommi","rowl","shatner","sylvest","arab","rosebud","dane","beck","charliz","dawson","kumar","catherin","wes","bobbi","kim"
"21","sinatra","ufo","wright","claud","bloom","heavyweight","sommer","hive","jodi","sophi","scorces","watson","von","rooney","russia","sewer","arni","searcher","logan","del","edmund","elektra","dodgebal","brando","caesar"
"22","senat","pfeiffer","baldwin","huston","bruno","rice","hyde","outbreak","nemo","mamma","karen","lanc","tobey","mend","adrien","emperor","bale","rebecca","dunn","pig","norton","daylewi","sparrow","carter","chimpanze"
"23","brainwash","vincent","mcdowel","archer","paw","cab","perkin","byrn","commando","flux","mobster","sophi","panther","wright","robinson","clarenc","jude","basebal","timothi","dwight","jake","flynn","owen","nasa","stepfath"
"24","gulf","berri","conneri","spacey","courtroom","drill","janet","streisand","mctiernan","miranda","naomi","hallow","kathi","dalla","immigr","leland","conner","joan","palma","doug","madsen","jodi","zoo","marlon","hiccup"
"25","jfk","gump","emil","shooter","peck","baker","ewan","farmhous","juliann","nelson","cronenberg","rickman","venom","speilberg","cusack","frederick","dwarf","tobacco","mystiqu","toro","implant","heath","olymp","dakota","brent"
"26","liev","lloyd","frost","refuge","ritchi","stripper","emperor","dustin","cannib","brosnan","bedtim","henriksen","gooni","whiskey","liu","pageant","clair","kurt","juggernaut","desperado","gyllenha","debbi","creeper","bryan","scissorhand"
"27","scarlett","mia","robbin","africa","mann","landi","finney","leatherfac","hyde","susi","nanni","elijah","goblin","jude","monro","hacker","aronofski","dwayn","prom","antonio","bullock","fred","fonda","carrol","evan"
"28","bale","iwo","warehous","swagger","soderbergh","viet","nathan","savini","arabia","chariot","tenant","rome","aunt","talli","barrymor","antonio","anni","walken","brett","senat","sharon","mgm","emperor","northwest","grandpa"
"29","brockovich","boxer","dalton","loui","dian","zach","albert","ang","ventura","inc","corleon","kenneth","luke","hitman","ghetto","milo","luci","wrestler","janssen","espionag","trooper","dancer","gloria","eva","squirrel"
"30","angela","jima","hal","sutherland","linda","nam","scorces","kim","ratner","deborah","walt","pope","borg","logan","nicola","anton","mitchel","debbi","trainer","bastard","austin","ballet","sara","fred","sapien"
"31","cain","hannah","alec","cafe","kickass","jersey","valeri","hangov","guin","cleric","wright","michel","kahn","fincher","amanda","shelley","wright","oconnel","fitzgerald","nanci","godzilla","regiment","rachel","mason","mcdowel"
"32","jordan","austria","cate","donni","orlando","gould","leo","apocalypt","keitel","ellen","vito","snape","franco","farmer","afghanistan","lloyd","requiem","aaron","kitti","dusk","starship","insur","motorcycl","helena","chimp"
"33","insomnia","jule","grail","lauren","garcia","abid","lang","ghoul","watson","nemo","curti","ministri","sandman","gunsling","murray","wendi","eclips","tomb","rebecca","shepherd","abomin","vigilant","norwegian","bonham","dentist"
"34","jessica","triniti","clees","sydney","finch","gerard","airlin","carlo","jekyl","pregnanc","donald","sorcer","ricardo","quadrilog","iri","cuckoo","bounti","abram","depalma","premonit","tidal","sergio","antarctica","thorn","mayor"
"35","murdoch","walken","malcolm","sentinel","attorney","shirley","jessica","judith","kwai","goodman","sugar","audrey","nimoy","connor","baron","skyscrap","governor","eagl","keanu","grindhous","connelli","gilliam","christina","paxton","linda"
"36","eleanor","reservoir","robber","hammett","neil","wachowski","rachel","chemic","emili","amanda","nielsen","elf","homeless","lambert","missil","ferri","cole","craig","sissi","hustl","cox","fincher","ricki","lunar","franco"
"37","sergeant","clair","spike","rapper","helen","dock","bram","xfile","mann","hathaway","franklin","reno","francisco","tyler","ali","plaza","sara","reincarn","brotherhood","elijah","tyler","benjamin","israel","stopmot","violet"
"38","samantha","wachowski","timothi","glover","tribe","grandmoth","stoker","stiller","venic","craig","philadelphia","sydney","thornton","newt","marilyn","trevor","automaton","sommer","scrap","moscow","temperatur","kathi","gym","mat","paranorm"
"39","lincoln","keitel","pike","sierra","judd","sniper","irish","flesheat","alec","anton","grass","grail","whale","veronica","cromwel","caretak","rachel","evelyn","lauri","amnesiac","ronni","astair","veronica","perri","franklin"
"40","kennedi","gale","burgess","bobbi","mockingbird","craig","asylum","elm","holden","kurt","spencer","hagrid","keanu","craig","hijack","dwayn","orphan","dana","ami","hooker","liv","gere","craven","hathaway","mutant"
"41","von","dillon","python","lynn","muslim","griffin","von","perfum","brett","holli","ashley","cardin","newton","giger","terrenc","sgt","anton","hannah","piper","conneri","hurrican","magnolia","pole","neil","brat"
"42","sophi","wallac","karen","genocid","erin","vietnames","daylewi","chow","mason","virus","attic","antarctica","cosmic","wyom","valentin","loan","winston","alia","gambit","passport","environment","freed","walken","scotti","serl"
"43","laurenc","roth","bacon","amanda","gregori","champ","imperi","ana","allan","lawsuit","stutter","malkovich","starship","brett","luci","postwar","platinum","finn","aaron","swiss","stoner","earl","caribbean","gerard","backbon"
"44","locker","butch","vomit","evelyn","craig","instructor","sandra","basing","hoffman","mcqueen","brando","baldwin","boobi","bishop","trex","austria","evan","nun","cox","landi","lewiss","francisco","diego","marilyn","merced"
"45","kati","nun","precinct","mole","africa","dunn","psychiatrist","deputi","shane","andrea","traver","goblet","trekki","bicycl","cubicl","grandfath","keith","webb","mccoy","covert","lotr","asimov","cole","rushmor","rod"
"46","medal","madsen","marion","wan","homer","totalitarian","wolverin","nameless","oldman","fargo","jami","broom","scanner","whore","aniston","rita","carter","portal","classmat","russia","lou","pollack","adrienn","polli","mauric"
"47","inspector","cocain","undercov","eva","lara","biopic","scissorhand","bitten","dillon","emili","karl","lucius","schizophrenia","dee","waltz","barefoot","muslim","albert","bobbi","seagal","liam","aronofski","jeeper","lara","grandpar"
"48","morton","rodger","tobi","chinatown","von","corp","sheen","karl","scot","elli","superintend","petrifi","linda","housekeep","pamela","macdowel","darren","niec","toad","ultimatum","doug","haley","justin","kathleen","portal"
"49","presidenti","hitmen","damon","slum","laura","regim","fraud","timothi","governor","colin","africa","alec","bate","spacecraft","hooper","moonlight","opium","cattl","tommi","fort","randi","isaac","farrel","schreiber","carter"
"50","jackman","cuban","bruckheim","leigh","rusti","mickey","vera","immun","physician","hur","mcdowel","isaac","butterfli","turner","craig","winston","pill","pyramid","cum","pamela","roth","kingpin","clair","evelyn","helena"
